book_id,title,author,genre,published_year
1,Professor well cost relate area.,Frank Young,Sci-Fi,1953
2,Accept who station.,Jessica Hayes,Fantasy,1962
3,Dog dinner teacher.,Sean Howard,Biography,1958
4,Could modern fast old sell.,Brenda Malone,Fantasy,1961
5,Firm whom realize.,Christian Luna,Fantasy,1973
6,Four actually history return.,Vanessa Watkins MD,Sci-Fi,1909
7,Rise clearly individual.,Lauren Edwards,Romance,1934
8,Member eye deep.,Jessica Carpenter,Non-Fiction,1983
9,Something fill sound.,Robert Holmes,Non-Fiction,1936
10,Nation fight somebody explain.,Kirsten Schultz,Non-Fiction,1916
11,Here choice business region they.,Steven Brown,Non-Fiction,2016
12,World thousand.,Christopher Salinas,Fantasy,1982
13,Mouth power end several.,Jay Lucero,Biography,2007
14,Opportunity remain across fly.,Jonathon Rodriguez,Fantasy,1952
15,Suddenly far.,Leonard Townsend,Horror,1937
16,Specific key we.,Colleen Gates,Non-Fiction,1984
17,Watch nature second hard expect.,Fernando Griffin,Fantasy,1913
18,Say deal suffer religious.,Wanda Gross,Romance,1933
19,Especially picture.,Sherri Turner,Fantasy,1931
20,Possible and somebody.,Brian Thomas,Romance,1988
21,Research field because itself.,Christina Torres,Romance,1991
22,People use game water nothing.,John Williams,Fiction,1946
23,Stage wind yes career evidence.,Amy Campos,Mystery,1998
24,Word six state girl.,Melissa Allen,Sci-Fi,1974
25,Try stay politics do.,Rebecca Crawford,Sci-Fi,1991
26,Little environmental all you himself.,Jeffrey Gonzales,Biography,1966
27,Face among time.,James Kelly,Romance,1959
28,Majority scientist bar.,Emily Garcia,Sci-Fi,2000
29,Worry close hear so sell.,Juan Barber,Fantasy,1900
30,Plant first including.,Cody Mccormick,Romance,1987
31,Type reason.,Matthew Warren,Non-Fiction,1991
32,National operation.,Mrs. Virginia Day DVM,Fantasy,1999
33,Writer on past determine practice.,Glen Ross,Sci-Fi,1987
34,Score beat bit.,Antonio Bradford DDS,Mystery,1940
35,Bad hard moment.,Tracey Lopez,Romance,1928
36,Rise manage represent industry bed.,Michael Mora,Romance,1967
37,Power site industry after.,Barry Williams,Fiction,1961
38,Investment like subject.,Madeline Vaughn,Horror,1951
39,Bad career program level.,Margaret Sullivan,Fantasy,1984
40,Environmental grow.,Ellen Garcia,Romance,1995
41,Already stand region.,Dillon Anderson,Biography,1914
42,Forward of physical site.,Margaret Odonnell,Non-Fiction,1929
43,Yourself poor.,Vincent Wolf,Biography,2023
44,Important beyond really.,Anna Gutierrez,Biography,2005
45,Hear people.,Steven Johnson,Fiction,1987
46,Food effect interest magazine.,Sonia Pierce,Horror,1941
47,Trial modern national learn.,Amy Liu,Fantasy,2014
48,Major operation usually.,Charles Hess,Biography,1962
49,Life situation national speech fly.,Eric Williams,Mystery,1959
50,Different ask left thank.,Derek Haynes,Mystery,2012
51,Choice and gas lot.,Curtis Foster,Sci-Fi,1911
52,Including arm eye side.,David Gamble,Fiction,1911
53,Past girl hot adult read.,Stanley Miller,Horror,1971
54,Speech various drive.,Michael Butler,Sci-Fi,1987
55,Tell cup medical wife.,Jessica Price,Non-Fiction,1937
56,Safe own.,Nicholas Beck,Horror,1946
57,Skill west else partner heavy.,John White,Biography,2012
58,Share street type.,Christopher Kennedy,Sci-Fi,1925
59,Feeling learn own continue.,Andrew Pratt,Fiction,1978
60,Just forward no.,Mrs. Amy Bryant,Horror,1940
61,Break who try.,Ronald Murphy,Fantasy,1925
62,Today western.,Suzanne Gonzalez,Non-Fiction,1973
63,Crime smile.,Shawna Johnston,Non-Fiction,1964
64,Foot his so nature.,Samuel Gallegos,Mystery,1978
65,Fast cold both.,Angela Alexander,Fantasy,1918
66,Magazine radio across plan during.,Jordan Garrison,Mystery,1955
67,News agent TV ahead.,Stacy Zuniga,Sci-Fi,2022
68,Cover shake.,Jennifer Pierce,Biography,2021
69,Court face attack reach policy.,Jessica Mccoy,Horror,2016
70,Education above commercial.,David Woods,Mystery,2004
71,Pull stop choice catch.,Christopher Mclean,Fiction,1965
72,Alone sign interesting.,Hector Quinn,Sci-Fi,1959
73,Way what really.,Charles Lewis,Biography,1963
74,Pay voice figure president.,Haley Castaneda,Non-Fiction,2006
75,Again play exist series half.,Laura Foster,Fiction,2011
76,Issue meeting eye American trip.,David Richardson,Fiction,1980
77,Reflect conference town street realize.,Joshua Dunlap,Sci-Fi,1983
78,Represent themselves successful.,Mr. Larry Conner,Biography,2019
79,Easy another size.,Hannah Jefferson,Non-Fiction,1997
80,Lot imagine billion.,Douglas Miles,Sci-Fi,1910
81,Reality fish believe among.,Leslie Mueller,Fiction,1918
82,Sit ahead.,Parker Singh,Sci-Fi,2021
83,Plan hope sure space near.,Adam Sanchez,Horror,2022
84,For only life.,Lisa Hall,Biography,1953
85,Part reality customer.,Samuel White Jr.,Fantasy,1931
86,Fact difference operation.,Caroline Walker,Mystery,1990
87,Tell scientist rather.,Tyler Thornton,Biography,1998
88,Its north learn service.,Dr. Rickey Jackson,Sci-Fi,1928
89,Simple heart society.,Jamie Garza,Mystery,1986
90,Whom center arm politics member.,Randall Hill,Horror,1902
91,He outside think.,Robert Gonzales,Sci-Fi,1906
92,Manage official television.,Erin Nguyen,Horror,2020
93,Field soon second simply.,John Nguyen,Horror,1924
94,Process end name buy.,Michele Love,Fantasy,1915
95,Teach democratic remember.,Elizabeth Floyd,Sci-Fi,1942
96,President woman shoulder bill accept.,Thomas Williams,Horror,1932
97,Structure I agree south yeah.,Julie Smith DDS,Mystery,1901
98,Have rule fire site smile.,Laura Brooks,Fiction,1952
99,Medical finally.,Julie Parker,Mystery,1972
100,Popular little sell.,Elijah Villanueva,Fiction,1971
