user_id,name,email,membership_date
1,Lauren Garcia,marcusthomas@gmail.com,2023-03-23
2,Mark Lewis,iparker@walsh-schmidt.com,2016-11-08
3,Kelsey Dunn,hmitchell@wilson-jenkins.com,2017-03-21
4,John Wilson,danny49@grant-patel.com,2022-01-18
5,Jessica Brown,shafferjoanna@yahoo.com,2022-02-12
6,Tony Cook,nielsenstacy@gmail.com,2019-03-27
7,Cesar Lucas,xduncan@martinez.com,2014-09-14
8,Sharon Moore,cynthiaevans@patrick-christian.biz,2016-07-03
9,Roger Hopkins,steventhompson@benjamin.com,2016-06-20
10,Hayden Sanchez,markmueller@butler-roberts.info,2023-07-30
11,Lucas Dougherty,jade97@hotmail.com,2019-05-13
12,Jared Sanchez,donnaforbes@yahoo.com,2022-12-04
13,Aureliano Buendia,aurebuend@cienaga.net,2014-09-29
14,Lindsay Ho,matthew92@curtis-ho.com,2023-08-15
15,Annette Bennett,sstephens@yahoo.com,2015-02-06
16,Tina Copeland,joshua61@gmail.com,2023-06-30
17,Christopher Simmons,cookann@reed.com,2023-08-11
18,Kevin Miller,susanjohnston@hotmail.com,2021-04-11
19,Elizabeth Mccullough,williskathy@owens.com,2023-07-11
20,Walter Anderson,mcdonaldchristopher@brown.net,2018-09-07
21,Chad Wolfe,lisa18@hotmail.com,2024-05-18
22,Jeremy Thompson,guerrerochristopher@hotmail.com,2023-06-17
23,Andrew Mayer,johnsonphilip@kemp.com,2024-01-01
24,Carrie Ramos,kimberlyrussell@hotmail.com,2022-09-06
25,Leah Schwartz,frenchtracey@gmail.com,2017-12-02
26,Jeffrey Aguilar,anitamcdonald@humphrey.com,2019-06-20
27,Susan Murphy,lisa72@thompson.com,2023-10-19
28,Gina Sims,robertscott@gmail.com,2017-10-26
29,Rachel Thompson,joseph01@gutierrez-henderson.com,2017-09-29
30,Steven Alvarado,kylegoodwin@gmail.com,2019-11-09
31,Shane Carrillo,eric68@hotmail.com,2023-03-28
32,Arcadio Buendia,arcadio@cienaga.net,2024-03-01
33,George Johnson,mendozajacob@allen.com,2023-03-27
34,David Walker,ann15@jackson.com,2018-10-14
35,Christopher Figueroa,justin70@evans.com,2017-10-09
36,Sonya Strickland,christophercolon@smith.info,2023-08-22
37,Matthew Taylor,brandonlucero@mason.org,2022-11-05
38,Lori Sims,ashleymack@lawson.biz,2016-05-05
39,Dr. Luis Mckinney,michaelnewton@hatfield-wilson.com,2017-06-05
40,Brittany Bradley,ujones@hernandez-roberts.com,2015-02-17
41,Barry Arnold,stewartantonio@yahoo.com,2022-10-18
42,Debra Wise,margaret70@shields.com,2020-07-08
43,Jeffery Wade,mariahjohnson@hotmail.com,2016-07-28
44,Matthew Edwards,jillhall@hotmail.com,2022-11-04
45,Peter Rowe,dduarte@tran.biz,2017-03-26
46,Anne Logan,roberthale@fleming.biz,2023-11-20
47,Robert Cohen,sharonvang@vaughn.net,2022-12-01
48,Cory Griffin,katherinebarr@gmail.com,2021-04-29
49,Robert Davidson,uconner@barker.net,2014-09-09
50,Kathy Hess,amandarodriguez@hotmail.com,2017-03-12
51,Tracy Cook,clarknicholas@yahoo.com,2015-10-08
52,Samuel Ferrell,gtaylor@gmail.com,2023-10-24
53,Jeffrey Smith,vlee@long-woodward.com,2024-03-21
54,Daniel Lopez,tranlinda@gmail.com,2023-11-12
55,Tiffany Boyd,nicolejohnson@sullivan.com,2022-03-01
56,Christian Leonard,meagan61@jordan-wilson.com,2021-09-19
57,Kristin Bradley,rebeccadickerson@yahoo.com,2023-11-04
58,Sheila Rivera,jsmith@yahoo.com,2022-08-29
59,Amy Taylor,jbarry@hotmail.com,2017-02-06
60,Travis Young,ochen@gmail.com,2022-04-20
61,Kristen Roman,fgarcia@rodriguez-hernandez.com,2018-07-25
62,Willie Newton,christopher74@fritz.com,2014-12-14
63,Jordan Ross,ashley46@yahoo.com,2020-05-30
64,Brandon Fuller,alexandriafrazier@hotmail.com,2021-01-28
65,Charles Kane,michaeltaylor@jimenez.com,2016-12-26
66,Sara Rodriguez,joshuacunningham@yahoo.com,2022-03-05
67,Donald Thomas,xbrown@cunningham-horton.com,2020-06-28
68,Randall Wright,abigailsmith@campbell-jones.com,2019-09-18
69,Amy Tran,daniel20@hotmail.com,2018-02-04
70,Sandra Rhodes,matthew64@gmail.com,2021-06-12
71,Joseph White,gmoran@miller-downs.net,2019-08-24
72,James Andrews,anthonybarnes@gonzales-king.com,2018-11-28
73,Roger Blake,rodriguezjerry@gordon.com,2015-12-12
74,Melissa Yoder,bryanstephen@hotmail.com,2022-01-26
75,Kari Anderson,davidolson@hotmail.com,2017-03-27
76,Jonathan Duncan,brett90@gmail.com,2021-03-05
77,Brian Roberson,brentmiller@yahoo.com,2015-12-28
78,Mrs. Angela Lyons,larsonpaul@yahoo.com,2015-04-08
79,Justin Alexander,jdavid@cortez.info,2024-07-06
80,Michelle Moore,jamessanders@hotmail.com,2018-07-22
81,Lauren Leblanc,colejames@hodge.com,2021-07-16
82,Kaitlin Joseph,carrie70@yahoo.com,2018-09-20
83,Mr. Joseph Pratt,zcastro@hotmail.com,2023-01-21
84,Mary Johns,hreilly@tyler.info,2015-06-01
85,Kelly Eaton,achurch@long-jones.org,2022-05-23
86,Dennis Hudson,obrown@gmail.com,2017-07-10
87,Heather Malone,vtate@brooks-lopez.com,2022-03-26
88,Cindy Campbell,daniel62@callahan.info,2014-09-06
89,Robert Adams,karen28@simon.com,2017-08-03
90,Bryan Garcia,reynoldswalter@gmail.com,2023-05-29
91,Molly Brooks,manuelgonzalez@sparks-henson.biz,2020-06-07
92,Heather Salazar,jackklein@cohen.com,2017-02-10
93,Nicole Robinson,krobertson@gmail.com,2015-12-03
94,Jean Weiss,patrickrodriguez@mitchell.com,2019-01-26
95,Rachel Steele,tanyastewart@trujillo.com,2020-06-11
96,David Cline,jeffrey48@crawford.com,2024-07-27
97,Aaron Zamora DDS,bedwards@king-murphy.com,2015-02-13
98,Francis Miles,wilsonpamela@hotmail.com,2015-10-01
99,Matthew Pham,caroline98@yahoo.com,2020-03-06
100,Jerry Clements,catherinesmith@russell.com,2021-10-06
